order_id,customer_id,product_id,quantity,order_date,branch
1,276,14,1,2022-01-31,A
2,408,232,1,2022-01-31,A
3,411,167,3,2022-01-31,A
4,290,129,5,2022-01-31,A
5,686,221,5,2022-01-31,A
6,746,51,2,2022-01-31,A
7,280,182,2,2022-01-31,A
8,116,45,1,2022-01-31,A
9,181,238,4,2022-01-31,A
10,330,170,5,2022-01-31,A
11,965,232,2,2022-01-31,A
12,380,68,5,2022-01-31,A
13,881,298,5,2022-01-31,A
14,180,255,1,2022-01-31,A
15,559,283,3,2022-01-31,A
16,320,311,4,2022-01-31,A
17,424,293,4,2022-01-31,A
18,858,312,5,2022-01-31,A
19,49,293,5,2022-01-31,A
20,5,55,1,2022-01-31,A
21,388,226,4,2022-01-31,A
22,35,310,4,2022-01-31,A
23,830,321,5,2022-01-31,A
24,140,171,3,2022-01-31,A
25,645,101,1,2022-01-31,A
26,702,198,2,2022-01-31,A
27,369,245,5,2022-01-31,A
28,402,105,4,2022-01-31,A
29,489,157,4,2022-01-31,A
30,517,246,1,2022-01-31,A
31,345,227,1,2022-01-31,A
32,147,27,3,2022-01-31,A
33,837,263,2,2022-01-31,A
34,52,186,4,2022-01-31,A
35,367,15,5,2022-01-31,A
36,441,166,4,2022-01-31,A
37,85,165,1,2022-01-31,A
38,869,227,2,2022-01-31,A
39,399,84,1,2022-01-31,A
40,926,114,2,2022-01-31,A
41,60,50,5,2022-01-31,A
42,441,261,3,2022-01-31,A
43,354,81,4,2022-01-31,A
44,782,296,4,2022-01-31,A
45,311,225,4,2022-01-31,A
46,954,241,5,2022-01-31,A
47,550,239,1,2022-01-31,A
48,922,176,5,2022-01-31,A
49,134,76,4,2022-01-31,A
50,332,206,4,2022-01-31,A
51,722,178,3,2022-01-31,A
52,498,167,5,2022-01-31,A
53,271,235,1,2022-01-31,A
54,553,119,5,2022-01-31,A
55,794,136,2,2022-01-31,A
56,386,38,3,2022-01-31,A
57,336,289,4,2022-01-31,A
58,520,19,5,2022-01-31,A
59,363,44,1,2022-01-31,A
60,246,104,5,2022-01-31,A
61,847,181,3,2022-01-31,A
62,220,225,5,2022-01-31,A
63,288,190,5,2022-01-31,A
64,564,67,4,2022-01-31,A
65,643,3,1,2022-01-31,A
66,449,38,5,2022-01-31,A
67,38,52,1,2022-01-31,A
68,391,12,2,2022-01-31,A
69,810,181,5,2022-01-31,A
70,896,233,5,2022-01-31,A
71,381,312,4,2022-01-31,A
72,201,136,1,2022-01-31,A
73,124,87,2,2022-01-31,A
74,760,164,2,2022-01-31,A
75,136,93,2,2022-01-31,A
76,531,294,3,2022-01-31,A
77,265,313,1,2022-01-31,A
78,368,275,5,2022-01-31,A
79,234,129,3,2022-01-31,A
80,811,64,3,2022-01-31,A
81,11,223,5,2022-01-31,A
82,705,83,4,2022-01-31,A
83,184,305,5,2022-01-31,A
84,408,185,4,2022-01-31,A
85,672,239,3,2022-01-31,A
86,559,211,2,2022-01-31,A
87,891,300,2,2022-01-31,A
88,606,153,3,2022-01-31,A
89,745,258,1,2022-01-31,A
90,10,45,2,2022-01-31,A
91,383,153,2,2022-01-31,A
92,453,292,5,2022-01-31,A
93,633,72,4,2022-01-31,A
94,237,25,3,2022-01-31,A
95,538,222,5,2022-01-31,A
96,197,199,1,2022-01-31,A
97,431,311,2,2022-01-31,A
98,725,178,2,2022-01-31,A
99,397,236,3,2022-01-31,A
100,259,136,2,2022-01-31,A
101,139,208,1,2022-02-28,A
102,598,24,5,2022-02-28,A
103,348,221,2,2022-02-28,A
104,274,257,3,2022-02-28,A
105,897,30,3,2022-02-28,A
106,172,148,5,2022-02-28,A
107,660,12,1,2022-02-28,A
108,597,88,5,2022-02-28,A
109,133,298,1,2022-02-28,A
110,462,278,5,2022-02-28,A
111,63,253,2,2022-02-28,A
112,326,88,2,2022-02-28,A
113,937,36,3,2022-02-28,A
114,501,198,2,2022-02-28,A
115,341,306,1,2022-02-28,A
116,835,143,4,2022-02-28,A
117,784,137,3,2022-02-28,A
118,148,180,2,2022-02-28,A
119,499,187,1,2022-02-28,A
120,481,136,2,2022-02-28,A
121,159,127,2,2022-02-28,A
122,668,8,5,2022-02-28,A
123,627,110,4,2022-02-28,A
124,960,87,3,2022-02-28,A
125,31,120,3,2022-02-28,A
126,889,174,3,2022-02-28,A
127,263,121,4,2022-02-28,A
128,887,201,2,2022-02-28,A
129,896,159,4,2022-02-28,A
130,843,134,2,2022-02-28,A
131,498,146,4,2022-02-28,A
132,22,197,4,2022-02-28,A
133,229,139,4,2022-02-28,A
134,12,101,2,2022-02-28,A
135,284,261,1,2022-02-28,A
136,301,194,1,2022-02-28,A
137,508,71,5,2022-02-28,A
138,409,271,1,2022-02-28,A
139,325,176,2,2022-02-28,A
140,908,48,2,2022-02-28,A
141,306,250,3,2022-02-28,A
142,251,306,3,2022-02-28,A
143,967,37,4,2022-02-28,A
144,592,46,5,2022-02-28,A
145,238,300,1,2022-02-28,A
146,489,130,2,2022-02-28,A
147,326,65,1,2022-02-28,A
148,666,217,3,2022-02-28,A
149,315,233,1,2022-02-28,A
150,937,291,2,2022-02-28,A
151,534,315,5,2022-02-28,A
152,16,244,5,2022-02-28,A
153,707,39,1,2022-02-28,A
154,623,229,5,2022-02-28,A
155,914,70,5,2022-02-28,A
156,544,169,1,2022-02-28,A
157,64,119,5,2022-02-28,A
158,546,156,5,2022-02-28,A
159,657,138,5,2022-02-28,A
160,768,95,1,2022-02-28,A
161,606,213,3,2022-02-28,A
162,910,58,1,2022-02-28,A
163,186,316,4,2022-02-28,A
164,428,168,5,2022-02-28,A
165,551,96,2,2022-02-28,A
166,927,126,2,2022-02-28,A
167,682,99,1,2022-02-28,A
168,946,203,5,2022-02-28,A
169,598,262,1,2022-02-28,A
170,375,302,4,2022-02-28,A
171,942,256,5,2022-02-28,A
172,283,317,3,2022-02-28,A
173,194,34,5,2022-02-28,A
174,689,26,3,2022-02-28,A
175,100,85,1,2022-02-28,A
176,827,48,1,2022-02-28,A
177,311,199,3,2022-02-28,A
178,75,204,3,2022-02-28,A
179,405,63,4,2022-02-28,A
180,997,209,2,2022-02-28,A
181,32,192,3,2022-02-28,A
182,320,320,4,2022-02-28,A
183,794,157,3,2022-02-28,A
184,358,197,3,2022-02-28,A
185,946,309,2,2022-02-28,A
186,674,192,5,2022-02-28,A
187,524,272,2,2022-02-28,A
188,97,226,4,2022-02-28,A
189,9,136,1,2022-02-28,A
190,548,111,2,2022-02-28,A
191,342,191,4,2022-02-28,A
192,653,128,5,2022-02-28,A
193,728,61,4,2022-02-28,A
194,441,136,3,2022-02-28,A
195,501,13,5,2022-02-28,A
196,996,164,5,2022-02-28,A
197,985,35,3,2022-02-28,A
198,283,137,4,2022-02-28,A
199,595,109,1,2022-02-28,A
200,807,297,1,2022-02-28,A
201,589,264,4,2022-02-28,A
202,781,87,4,2022-02-28,A
203,764,48,2,2022-02-28,A
204,154,57,2,2022-02-28,A
205,733,111,4,2022-02-28,A
206,171,275,3,2022-02-28,A
207,438,82,1,2022-02-28,A
208,664,203,3,2022-02-28,A
209,336,141,5,2022-02-28,A
210,268,62,4,2022-02-28,A
211,959,126,4,2022-02-28,A
212,947,164,3,2022-02-28,A
213,73,105,2,2022-02-28,A
214,789,124,3,2022-02-28,A
215,230,308,1,2022-02-28,A
216,145,248,5,2022-02-28,A
217,937,303,3,2022-02-28,A
218,260,130,1,2022-02-28,A
219,766,289,4,2022-02-28,A
220,535,70,1,2022-02-28,A
221,290,77,3,2022-02-28,A
222,105,73,1,2022-02-28,A
223,61,266,4,2022-02-28,A
224,840,19,5,2022-02-28,A
225,827,21,5,2022-02-28,A
226,754,120,3,2022-02-28,A
227,92,170,2,2022-02-28,A
228,469,49,1,2022-02-28,A
229,148,161,2,2022-02-28,A
230,405,212,3,2022-02-28,A
231,94,165,1,2022-02-28,A
232,322,210,2,2022-02-28,A
233,541,31,1,2022-02-28,A
234,747,311,1,2022-02-28,A
235,122,291,3,2022-02-28,A
236,399,242,1,2022-02-28,A
237,35,153,4,2022-02-28,A
238,783,208,2,2022-02-28,A
239,879,168,3,2022-02-28,A
240,704,150,3,2022-02-28,A
241,174,197,3,2022-02-28,A
242,285,266,2,2022-02-28,A
243,608,269,4,2022-02-28,A
244,1,117,4,2022-02-28,A
245,650,144,4,2022-02-28,A
246,534,5,4,2022-02-28,A
247,908,198,1,2022-02-28,A
248,942,53,1,2022-02-28,A
249,343,322,4,2022-02-28,A
250,335,201,1,2022-02-28,A
251,162,42,1,2022-02-28,B
252,836,104,1,2022-02-28,B
253,422,306,5,2022-02-28,B
254,619,225,3,2022-02-28,B
255,683,301,3,2022-02-28,B
256,475,105,2,2022-02-28,B
257,672,166,2,2022-02-28,B
258,289,122,2,2022-02-28,B
259,814,184,1,2022-02-28,B
260,288,40,3,2022-02-28,B
261,167,292,2,2022-02-28,B
262,849,74,1,2022-02-28,B
263,966,85,3,2022-02-28,B
264,153,73,4,2022-02-28,B
265,446,323,5,2022-02-28,B
266,175,37,3,2022-02-28,B
267,448,4,2,2022-02-28,B
268,566,139,5,2022-02-28,B
269,895,39,4,2022-02-28,B
270,395,169,3,2022-02-28,B
271,973,158,4,2022-02-28,B
272,404,127,2,2022-02-28,B
273,488,11,3,2022-02-28,B
274,793,296,5,2022-02-28,B
275,960,218,3,2022-02-28,B
276,137,317,3,2022-02-28,B
277,536,97,4,2022-02-28,B
278,511,249,2,2022-02-28,B
279,466,54,3,2022-02-28,B
280,582,39,5,2022-02-28,B
281,831,116,3,2022-02-28,B
282,64,225,3,2022-02-28,B
283,961,189,2,2022-02-28,B
284,688,113,5,2022-02-28,B
285,525,136,1,2022-02-28,B
286,26,14,1,2022-02-28,B
287,755,69,5,2022-02-28,B
288,179,84,1,2022-02-28,B
289,99,243,5,2022-02-28,B
290,101,133,2,2022-02-28,B
291,714,49,1,2022-02-28,B
292,977,184,2,2022-02-28,B
293,525,100,2,2022-02-28,B
294,696,154,1,2022-02-28,B
295,311,276,3,2022-02-28,B
296,136,143,3,2022-02-28,B
297,669,117,3,2022-02-28,B
298,719,255,1,2022-02-28,B
299,872,264,5,2022-02-28,B
300,389,291,2,2022-02-28,B
301,462,164,1,2025-03-31,B
302,14,212,1,2025-03-31,B
303,1000,291,5,2025-03-31,B
304,70,23,4,2025-03-31,B
305,862,97,5,2025-03-31,B
306,553,43,2,2025-03-31,B
307,969,59,1,2025-03-31,B
308,238,88,5,2025-03-31,B
309,642,270,2,2025-03-31,B
310,941,246,4,2025-03-31,B
311,104,248,2,2025-03-31,B
312,328,322,5,2025-03-31,B
313,560,156,4,2025-03-31,B
314,634,263,3,2025-03-31,B
315,179,231,3,2025-03-31,B
316,172,104,2,2025-03-31,B
317,369,246,4,2025-03-31,B
318,875,63,3,2025-03-31,B
319,202,184,5,2025-03-31,B
320,118,201,3,2025-03-31,B
321,564,133,2,2025-03-31,B
322,692,131,3,2025-03-31,B
323,346,201,3,2025-03-31,B
324,933,202,3,2025-03-31,B
325,563,111,2,2025-03-31,B
326,456,168,4,2025-03-31,B
327,508,180,1,2025-03-31,B
328,293,116,1,2025-03-31,B
329,212,102,3,2025-03-31,B
330,421,205,1,2025-03-31,B
331,793,133,1,2025-03-31,B
332,434,102,2,2025-03-31,B
333,433,164,3,2025-03-31,B
334,807,254,1,2025-03-31,B
335,722,91,5,2025-03-31,B
336,352,272,5,2025-03-31,B
337,52,21,4,2025-03-31,B
338,858,238,1,2025-03-31,B
339,736,305,4,2025-03-31,B
340,439,281,5,2025-03-31,B
341,979,103,2,2025-03-31,B
342,464,125,4,2025-03-31,B
343,851,229,1,2025-03-31,B
344,795,310,1,2025-03-31,B
345,32,172,2,2025-03-31,B
346,248,53,1,2025-03-31,B
347,784,191,4,2025-03-31,B
348,408,306,1,2025-03-31,B
349,834,98,1,2025-03-31,B
350,654,37,2,2025-03-31,B
351,256,253,3,2025-03-31,B
352,882,234,3,2025-03-31,B
353,731,45,3,2025-03-31,B
354,129,136,5,2025-03-31,B
355,889,65,1,2025-03-31,B
356,295,24,2,2025-03-31,B
357,914,314,2,2025-03-31,B
358,239,318,1,2025-03-31,B
359,90,249,4,2025-03-31,B
360,253,3,5,2025-03-31,B
361,905,78,2,2025-03-31,B
362,49,167,2,2025-03-31,B
363,159,159,3,2025-03-31,B
364,236,134,3,2025-03-31,B
365,295,250,3,2025-03-31,B
366,174,151,5,2025-03-31,B
367,206,102,4,2025-03-31,B
368,494,161,2,2025-03-31,B
369,819,54,4,2025-03-31,B
370,681,9,3,2025-03-31,B
371,305,156,5,2025-03-31,B
372,242,32,1,2025-03-31,B
373,475,104,5,2025-03-31,B
374,487,223,5,2025-03-31,B
375,466,70,5,2025-03-31,B
376,670,203,1,2025-03-31,B
377,895,206,4,2025-03-31,B
378,612,294,1,2025-03-31,B
379,685,295,5,2025-03-31,B
380,369,111,4,2025-03-31,B
381,623,257,3,2025-03-31,B
382,459,158,3,2025-03-31,B
383,348,233,5,2025-03-31,B
384,442,38,5,2025-03-31,B
385,658,8,1,2025-03-31,B
386,940,293,1,2025-03-31,B
387,164,157,3,2025-03-31,B
388,692,116,3,2025-03-31,B
389,185,272,1,2025-03-31,B
390,585,194,3,2025-03-31,B
391,907,272,4,2025-03-31,B
392,55,136,2,2025-03-31,B
393,498,307,3,2025-03-31,B
394,917,112,4,2025-03-31,B
395,313,187,1,2025-03-31,B
396,916,80,5,2025-03-31,B
397,555,27,5,2025-03-31,B
398,107,241,1,2025-03-31,B
399,746,103,2,2025-03-31,B
400,948,81,1,2025-03-31,B
401,832,4,2,2025-03-31,B
402,823,4,4,2025-03-31,B
403,381,94,5,2025-03-31,B
404,121,6,4,2025-03-31,B
405,156,274,2,2025-03-31,B
406,544,182,1,2025-03-31,B
407,942,63,1,2025-03-31,B
408,804,6,1,2025-03-31,B
409,400,272,2,2025-03-31,B
410,67,289,5,2025-03-31,B
411,910,133,1,2025-03-31,B
412,60,178,5,2025-03-31,B
413,351,288,3,2025-03-31,B
414,30,48,3,2025-03-31,B
415,748,294,5,2025-03-31,B
416,259,93,3,2025-03-31,B
417,58,1,4,2025-03-31,B
418,915,312,4,2025-03-31,B
419,378,150,4,2025-03-31,B
420,610,237,3,2025-03-31,B
421,969,18,3,2025-03-31,B
422,686,83,3,2025-03-31,B
423,522,64,4,2025-03-31,B
424,789,309,2,2025-03-31,B
425,46,314,2,2025-03-31,B
426,540,32,3,2025-03-31,B
427,544,142,1,2025-03-31,B
428,389,41,3,2025-03-31,B
429,254,225,5,2025-03-31,B
430,16,61,5,2025-03-31,B
431,653,187,5,2025-03-31,B
432,887,120,2,2025-03-31,B
433,944,287,3,2025-03-31,B
434,337,178,5,2025-03-31,B
435,46,100,3,2025-03-31,B
436,863,215,5,2025-03-31,B
437,307,143,1,2025-03-31,B
438,250,215,4,2025-03-31,B
439,113,83,1,2025-03-31,B
440,560,66,1,2025-03-31,B
441,728,94,5,2025-03-31,B
442,286,192,3,2025-03-31,B
443,204,216,2,2025-03-31,B
444,510,230,1,2025-03-31,B
445,193,214,4,2025-03-31,B
446,348,95,2,2025-03-31,B
447,650,292,1,2025-03-31,B
448,316,125,5,2025-03-31,B
449,372,246,5,2025-03-31,B
450,338,18,5,2025-03-31,B
451,194,291,1,2025-03-31,B
452,690,297,5,2025-03-31,B
453,820,48,2,2025-03-31,B
454,920,316,2,2025-03-31,B
455,696,286,2,2025-03-31,B
456,846,13,3,2025-03-31,B
457,476,182,2,2025-03-31,B
458,543,190,1,2025-03-31,B
459,523,78,3,2025-03-31,B
460,709,182,2,2025-03-31,B
461,321,91,5,2025-03-31,B
462,106,227,3,2025-03-31,B
463,84,279,3,2025-03-31,B
464,433,211,1,2025-03-31,B
465,407,226,5,2025-03-31,B
466,888,191,2,2025-03-31,B
467,52,266,5,2025-03-31,B
468,349,102,4,2025-03-31,B
469,51,71,5,2025-03-31,B
470,907,225,3,2025-03-31,B
471,999,274,3,2025-03-31,B
472,318,317,2,2025-03-31,B
473,793,293,3,2025-03-31,B
474,28,195,3,2025-03-31,B
475,542,27,3,2025-03-31,B
476,454,303,1,2025-03-31,B
477,904,207,4,2025-03-31,B
478,638,200,4,2025-03-31,B
479,143,303,5,2025-03-31,B
480,100,244,3,2025-03-31,B
481,284,231,3,2025-03-31,B
482,199,200,1,2025-03-31,B
483,310,36,5,2025-03-31,B
484,869,250,3,2025-03-31,B
485,582,7,2,2025-03-31,B
486,703,272,3,2025-03-31,B
487,362,264,3,2025-03-31,B
488,814,109,5,2025-03-31,B
489,795,68,5,2025-03-31,B
490,1000,32,3,2025-03-31,B
491,779,157,4,2025-03-31,B
492,216,134,2,2025-03-31,B
493,59,213,3,2025-03-31,B
494,22,156,2,2025-03-31,B
495,949,21,2,2025-03-31,B
496,448,71,3,2025-03-31,B
497,665,307,3,2025-03-31,B
498,885,198,3,2025-03-31,B
499,714,188,3,2025-03-31,B
500,697,187,5,2025-03-31,B
501,231,74,5,2025-04-30,B
502,993,322,1,2025-04-30,B
503,65,121,4,2025-04-30,B
504,876,51,5,2025-04-30,B
505,378,53,4,2025-04-30,B
506,527,57,1,2025-04-30,B
507,803,212,5,2025-04-30,B
508,120,260,3,2025-04-30,B
509,188,263,1,2025-04-30,B
510,176,229,1,2025-04-30,B
511,471,90,2,2025-04-30,B
512,439,64,2,2025-04-30,B
513,944,34,5,2025-04-30,B
514,242,196,3,2025-04-30,B
515,910,75,5,2025-04-30,B
516,879,171,5,2025-04-30,B
517,782,291,5,2025-04-30,B
518,463,321,4,2025-04-30,B
519,604,40,5,2025-04-30,B
520,272,44,2,2025-04-30,B
521,688,62,1,2025-04-30,B
522,927,294,2,2025-04-30,B
523,557,262,2,2025-04-30,B
524,676,314,3,2025-04-30,B
525,69,283,2,2025-04-30,B
526,700,242,4,2025-04-30,B
527,87,67,2,2025-04-30,B
528,531,93,2,2025-04-30,B
529,328,76,1,2025-04-30,B
530,826,203,5,2025-04-30,B
531,477,284,2,2025-04-30,B
532,548,40,4,2025-04-30,B
533,771,151,4,2025-04-30,B
534,356,216,2,2025-04-30,B
535,284,112,4,2025-04-30,B
536,506,175,2,2025-04-30,B
537,773,203,5,2025-04-30,B
538,348,233,1,2025-04-30,B
539,492,287,3,2025-04-30,B
540,320,236,2,2025-04-30,B
541,598,38,1,2025-04-30,B
542,443,134,1,2025-04-30,B
543,677,101,2,2025-04-30,B
544,816,45,3,2025-04-30,B
545,642,162,4,2025-04-30,B
546,943,201,3,2025-04-30,B
547,812,203,4,2025-04-30,B
548,69,315,3,2025-04-30,B
549,807,201,5,2025-04-30,B
550,945,20,2,2025-04-30,B
551,636,35,3,2025-04-30,B
552,445,305,1,2025-04-30,B
553,479,224,1,2025-04-30,B
554,374,206,3,2025-04-30,B
555,367,58,4,2025-04-30,B
556,129,216,1,2025-04-30,B
557,521,317,2,2025-04-30,B
558,991,8,3,2025-04-30,B
559,706,63,3,2025-04-30,B
560,954,216,5,2025-04-30,B
561,115,278,4,2025-04-30,B
562,253,25,4,2025-04-30,B
563,273,81,2,2025-04-30,B
564,263,238,3,2025-04-30,B
565,9,97,4,2025-04-30,B
566,407,97,1,2025-04-30,B
567,222,189,3,2025-04-30,B
568,893,54,3,2025-04-30,B
569,552,212,1,2025-04-30,B
570,119,263,5,2025-04-30,B
571,310,214,2,2025-04-30,B
572,375,123,3,2025-04-30,B
573,575,102,2,2025-04-30,B
574,468,13,3,2025-04-30,B
575,264,230,3,2025-04-30,B
576,643,82,1,2025-04-30,B
577,151,88,4,2025-04-30,B
578,357,76,2,2025-04-30,B
579,952,28,3,2025-04-30,B
580,988,28,4,2025-04-30,B
581,749,289,4,2025-04-30,B
582,561,179,1,2025-04-30,B
583,11,70,4,2025-04-30,B
584,699,240,4,2025-04-30,B
585,701,223,4,2025-04-30,B
586,688,230,2,2025-04-30,B
587,873,291,1,2025-04-30,B
588,975,154,1,2025-04-30,B
589,387,287,4,2025-04-30,B
590,671,116,1,2025-04-30,B
591,87,287,3,2025-04-30,B
592,499,47,5,2025-04-30,B
593,221,137,1,2025-04-30,B
594,327,153,4,2025-04-30,B
595,548,68,2,2025-04-30,B
596,622,159,2,2025-04-30,B
597,789,76,3,2025-04-30,B
598,257,45,3,2025-04-30,B
599,672,151,5,2025-04-30,B
600,551,121,2,2025-04-30,B
601,718,57,3,2025-06-30,c
602,16,210,5,2025-06-30,c
603,740,66,1,2025-06-30,c
604,772,201,2,2025-06-30,c
605,867,127,5,2025-06-30,c
606,444,13,2,2025-06-30,c
607,86,28,2,2025-06-30,c
608,503,187,2,2025-06-30,c
609,278,12,4,2025-06-30,c
610,348,276,2,2025-06-30,c
611,972,251,3,2025-06-30,c
612,914,92,5,2025-06-30,c
613,137,220,3,2025-06-30,c
614,904,118,5,2025-06-30,c
615,697,178,4,2025-06-30,c
616,109,307,4,2025-06-30,c
617,452,227,3,2025-06-30,c
618,931,116,2,2025-06-30,c
619,735,192,2,2025-06-30,c
620,915,61,4,2025-06-30,c
621,753,224,4,2025-06-30,c
622,250,29,1,2025-06-30,c
623,947,57,4,2025-06-30,c
624,131,312,1,2025-06-30,c
625,839,121,5,2025-06-30,c
626,181,96,4,2025-06-30,c
627,895,116,2,2025-06-30,c
628,848,68,2,2025-06-30,c
629,852,163,3,2025-06-30,c
630,131,85,3,2025-06-30,c
631,500,54,5,2025-06-30,c
632,707,249,5,2025-06-30,c
633,180,53,5,2025-06-30,c
634,703,196,2,2025-06-30,c
635,239,60,3,2025-06-30,c
636,373,278,2,2025-06-30,c
637,17,287,3,2025-06-30,c
638,562,259,1,2025-06-30,c
639,282,72,4,2025-06-30,c
640,725,291,3,2025-06-30,c
641,687,141,3,2025-06-30,c
642,139,96,3,2025-06-30,c
643,861,281,3,2025-06-30,c
644,148,102,1,2025-06-30,c
645,29,118,4,2025-06-30,c
646,109,186,2,2025-06-30,c
647,176,284,4,2025-06-30,c
648,742,24,3,2025-06-30,c
649,336,2,4,2025-06-30,c
650,42,287,5,2025-06-30,c
651,849,16,5,2025-06-30,c
652,453,194,3,2025-06-30,c
653,520,27,2,2025-06-30,c
654,634,16,1,2025-06-30,c
655,72,203,1,2025-06-30,c
656,862,260,2,2025-06-30,c
657,574,146,1,2025-06-30,c
658,903,308,2,2025-06-30,c
659,443,241,3,2025-06-30,c
660,293,132,1,2025-06-30,c
661,460,33,1,2025-06-30,c
662,366,22,2,2025-06-30,c
663,491,56,3,2025-06-30,c
664,481,316,1,2025-06-30,c
665,428,43,5,2025-06-30,c
666,450,13,3,2025-06-30,c
667,110,20,2,2025-06-30,c
668,31,248,4,2025-06-30,c
669,932,134,5,2025-06-30,c
670,864,14,4,2025-06-30,c
671,775,94,3,2025-06-30,c
672,499,190,3,2025-06-30,c
673,509,53,1,2025-06-30,c
674,253,160,3,2025-06-30,c
675,323,7,4,2025-06-30,c
676,430,90,1,2025-06-30,c
677,178,201,2,2025-06-30,c
678,584,195,2,2025-06-30,c
679,616,187,1,2025-06-30,c
680,625,269,1,2025-06-30,c
681,754,303,4,2025-06-30,c
682,334,257,3,2025-06-30,c
683,350,11,2,2025-06-30,c
684,611,30,4,2025-06-30,c
685,323,160,3,2025-06-30,c
686,793,323,3,2025-06-30,c
687,948,8,4,2025-06-30,c
688,917,161,2,2025-06-30,c
689,755,2,4,2025-06-30,c
690,152,12,1,2025-06-30,c
691,360,215,2,2025-06-30,c
692,520,110,2,2025-06-30,c
693,42,250,5,2025-06-30,c
694,425,216,3,2025-06-30,c
695,386,172,5,2025-06-30,c
696,824,190,3,2025-06-30,c
697,588,227,3,2025-06-30,c
698,858,42,5,2025-06-30,c
699,447,6,4,2025-06-30,c
700,987,227,5,2025-06-30,c
701,74,41,1,2025-06-30,c
702,912,304,2,2025-06-30,c
703,862,320,3,2025-06-30,c
704,704,240,4,2025-06-30,c
705,386,114,3,2025-06-30,c
706,335,175,4,2025-06-30,c
707,839,147,2,2025-06-30,c
708,157,148,3,2025-06-30,c
709,649,32,1,2025-06-30,c
710,969,198,1,2025-06-30,c
711,834,148,4,2025-07-31,c
712,174,123,2,2025-07-31,c
713,153,231,1,2025-07-31,c
714,271,124,5,2025-07-31,c
715,712,182,5,2025-07-31,c
716,272,72,4,2025-07-31,c
717,325,293,2,2025-07-31,c
718,406,30,2,2025-07-31,c
719,125,210,1,2025-07-31,c
720,993,177,3,2025-07-31,c
721,716,1,5,2025-07-31,c
722,54,318,1,2025-07-31,c
723,139,229,1,2025-07-31,c
724,812,197,3,2025-07-31,c
725,436,120,5,2025-07-31,c
726,838,250,3,2025-07-31,c
727,906,294,2,2025-07-31,c
728,424,316,3,2025-07-31,c
729,739,139,3,2025-07-31,c
730,633,168,5,2025-07-31,c
731,963,211,2,2025-07-31,c
732,921,278,3,2025-07-31,c
733,543,223,4,2025-07-31,c
734,6,237,1,2025-07-31,c
735,910,257,1,2025-07-31,c
736,817,160,1,2025-07-31,c
737,604,272,3,2025-07-31,c
738,813,106,5,2025-07-31,c
739,207,315,3,2025-07-31,c
740,875,238,3,2025-07-31,c
741,271,181,2,2025-07-31,c
742,88,181,5,2025-07-31,c
743,27,241,3,2025-07-31,c
744,645,213,2,2025-07-31,c
745,288,178,3,2025-07-31,c
746,733,16,5,2025-07-31,c
747,629,266,4,2025-07-31,c
748,595,186,2,2025-07-31,c
749,168,228,3,2025-07-31,c
750,306,137,1,2025-07-31,c
751,252,185,1,2025-07-31,c
752,860,60,4,2025-07-31,c
753,453,310,4,2025-07-31,c
754,709,182,5,2025-07-31,c
755,584,279,2,2025-07-31,c
756,382,303,1,2025-07-31,c
757,127,87,2,2025-07-31,c
758,680,65,3,2025-07-31,c
759,162,280,2,2025-07-31,c
760,463,19,1,2025-07-31,c
761,845,235,1,2025-07-31,c
762,554,166,4,2025-07-31,c
763,391,105,3,2025-07-31,c
764,873,143,2,2025-07-31,c
765,571,309,2,2025-07-31,c
766,789,321,1,2025-07-31,c
767,89,284,1,2025-07-31,c
768,173,247,2,2025-07-31,c
769,712,162,1,2025-07-31,c
770,91,227,5,2025-07-31,c
771,424,53,2,2025-07-31,c
772,109,282,5,2025-07-31,c
773,282,103,4,2025-07-31,c
774,822,167,5,2025-07-31,c
775,595,33,5,2025-07-31,c
776,430,150,2,2025-07-31,c
777,960,66,5,2025-07-31,c
778,940,178,2,2025-07-31,c
779,732,304,3,2025-07-31,c
780,341,38,4,2025-07-31,c
781,888,258,3,2025-07-31,c
782,37,141,1,2025-07-31,c
783,441,258,2,2025-07-31,c
784,414,175,4,2025-07-31,c
785,869,141,1,2025-07-31,c
786,59,277,5,2025-07-31,c
787,930,219,3,2025-07-31,c
788,228,247,3,2025-07-31,c
789,645,127,5,2025-07-31,c
790,152,271,2,2025-07-31,c
791,125,241,5,2025-08-31,c
792,406,38,5,2025-08-31,c
793,113,146,5,2025-08-31,c
794,514,229,4,2025-08-31,c
795,294,88,4,2025-08-31,c
796,745,196,3,2025-08-31,c
797,244,295,5,2025-08-31,c
798,669,276,1,2025-08-31,c
799,743,119,5,2025-08-31,c
800,318,217,5,2025-08-31,c
801,910,64,4,2025-08-31,c
802,698,140,3,2025-08-31,c
803,812,294,3,2025-08-31,c
804,731,282,3,2025-08-31,c
805,938,66,2,2025-08-31,c
806,657,211,1,2025-08-31,c
807,285,153,5,2025-08-31,c
808,145,49,5,2025-08-31,c
809,818,41,1,2025-08-31,c
810,716,163,2,2025-08-31,c
811,523,133,3,2025-08-31,c
812,174,310,5,2025-08-31,c
813,626,259,1,2025-08-31,c
814,822,55,1,2025-08-31,c
815,34,266,4,2025-08-31,c
816,654,63,5,2025-08-31,c
817,660,283,3,2025-08-31,c
818,145,271,1,2025-08-31,c
819,318,156,3,2025-08-31,c
820,591,44,2,2025-08-31,c
821,265,260,2,2025-08-31,c
822,981,300,5,2025-08-31,c
823,504,59,4,2025-08-31,c
824,368,268,4,2025-08-31,c
825,239,239,1,2025-08-31,c
826,321,78,5,2025-08-31,c
827,287,167,4,2025-08-31,c
828,315,216,1,2025-08-31,c
829,894,8,1,2025-08-31,c
830,204,29,4,2025-08-31,c
831,218,144,4,2025-08-31,c
832,557,69,4,2025-08-31,c
833,900,80,2,2025-08-31,c
834,912,109,2,2025-08-31,c
835,961,213,4,2025-08-31,c
836,651,222,5,2025-08-31,c
837,982,8,5,2025-08-31,c
838,995,122,2,2025-08-31,c
839,128,139,2,2025-08-31,c
840,778,308,1,2025-08-31,c
841,401,32,3,2025-09-30,c
842,731,243,4,2025-09-30,c
843,580,263,4,2025-09-30,c
844,987,84,2,2025-09-30,c
845,202,131,5,2025-09-30,c
846,411,46,3,2025-09-30,c
847,248,224,4,2025-09-30,c
848,723,208,1,2025-09-30,c
849,345,235,5,2025-09-30,c
850,819,145,1,2025-09-30,c
851,951,166,3,2025-09-30,c
852,800,259,4,2025-09-30,c
853,647,226,1,2025-09-30,c
854,849,115,5,2025-09-30,c
855,706,31,2,2025-09-30,c
856,836,167,2,2025-09-30,c
857,114,236,2,2025-09-30,c
858,208,152,2,2025-09-30,c
859,802,222,5,2025-09-30,c
860,58,312,3,2025-09-30,c
861,502,85,3,2025-09-30,c
862,937,213,4,2025-09-30,c
863,394,258,5,2025-09-30,c
864,505,133,4,2025-09-30,c
865,723,217,4,2025-09-30,c
866,820,146,3,2025-09-30,c
867,618,286,1,2025-09-30,c
868,829,205,4,2025-09-30,c
869,600,218,1,2025-09-30,c
870,729,191,1,2025-09-30,c
871,410,28,2,2025-09-30,c
872,293,68,1,2025-09-30,c
873,863,132,3,2025-09-30,c
874,238,123,1,2025-09-30,c
875,306,239,5,2025-09-30,c
876,253,221,1,2025-09-30,c
877,965,49,4,2025-09-30,c
878,893,311,2,2025-09-30,c
879,840,175,2,2025-09-30,c
880,949,29,5,2025-09-30,c
881,989,57,3,2025-09-30,c
882,815,266,3,2025-09-30,c
883,432,254,5,2025-09-30,c
884,883,136,4,2025-09-30,c
885,7,280,5,2025-09-30,c
886,562,187,3,2025-09-30,c
887,963,172,3,2025-09-30,c
888,304,251,1,2025-09-30,c
889,369,17,5,2025-09-30,c
890,935,272,4,2025-09-30,c
891,507,124,3,2025-09-30,c
892,631,92,2,2025-09-30,c
893,921,147,2,2025-09-30,c
894,838,115,2,2025-09-30,c
895,380,164,2,2025-09-30,c
896,981,95,3,2025-09-30,c
897,160,143,2,2025-09-30,c
898,993,207,3,2025-09-30,c
899,383,193,4,2025-09-30,c
900,521,36,2,2025-09-30,c
901,496,138,5,2025-10-31,c
902,817,299,1,2025-10-31,c
903,4,90,1,2025-10-31,c
904,642,45,5,2025-10-31,c
905,491,105,1,2025-10-31,c
906,293,308,4,2025-10-31,c
907,242,257,3,2025-10-31,c
908,616,319,3,2025-10-31,c
909,17,92,3,2025-10-31,c
910,688,116,4,2025-10-31,c
911,678,273,5,2025-10-31,c
912,882,164,3,2025-10-31,c
913,255,66,4,2025-10-31,c
914,572,78,3,2025-10-31,c
915,974,161,3,2025-10-31,c
916,696,206,5,2025-10-31,c
917,72,245,1,2025-10-31,c
918,132,111,1,2025-10-31,c
919,763,262,4,2025-10-31,c
920,333,151,1,2025-10-31,c
921,820,69,3,2025-10-31,c
922,121,281,5,2025-10-31,c
923,651,46,1,2025-10-31,c
924,371,30,2,2025-10-31,c
925,86,221,3,2025-10-31,c
926,304,319,3,2025-10-31,c
927,933,155,1,2025-10-31,c
928,810,100,3,2025-10-31,c
929,942,52,4,2025-10-31,c
930,974,146,3,2025-10-31,c
931,835,258,5,2025-11-30,c
932,603,36,4,2025-11-30,c
933,361,134,2,2025-11-30,c
934,562,304,5,2025-11-30,c
935,477,90,3,2025-11-30,c
936,144,74,2,2025-11-30,c
937,798,165,4,2025-11-30,c
938,825,220,2,2025-11-30,c
939,42,206,2,2025-11-30,c
940,302,48,5,2025-11-30,c
941,199,62,5,2025-11-30,c
942,191,262,2,2025-11-30,c
943,58,63,4,2025-11-30,c
944,790,193,1,2025-11-30,c
945,209,196,4,2025-11-30,c
946,491,227,5,2025-11-30,c
947,720,83,5,2025-11-30,c
948,959,22,3,2025-11-30,c
949,169,95,5,2025-11-30,c
950,572,191,5,2025-11-30,c
951,702,21,3,2025-12-31,c
952,910,297,3,2025-12-31,c
953,69,228,1,2025-12-31,c
954,972,251,5,2025-12-31,c
955,290,237,4,2025-12-31,c
956,677,192,2,2025-12-31,c
957,900,166,2,2025-12-31,c
958,363,238,1,2025-12-31,c
959,18,292,5,2025-12-31,c
960,237,184,3,2025-12-31,c
961,146,90,3,2025-12-31,c
962,50,225,2,2025-12-31,c
963,101,3,5,2025-12-31,c
964,886,121,4,2025-12-31,c
965,470,44,5,2025-12-31,c
966,505,106,4,2025-12-31,c
967,92,174,5,2025-12-31,c
968,309,98,4,2025-12-31,c
969,786,298,1,2025-12-31,c
970,443,319,4,2025-12-31,c
971,876,198,5,2025-12-31,c
972,689,127,3,2025-12-31,c
973,736,281,1,2025-12-31,c
974,807,138,5,2025-12-31,c
975,723,116,4,2025-12-31,c
976,655,14,5,2025-12-31,c
977,729,117,3,2025-12-31,c
978,906,209,3,2025-12-31,c
979,141,182,5,2025-12-31,c
980,309,307,2,2025-12-31,c
981,550,42,3,2025-12-31,c
982,642,95,5,2025-12-31,c
983,234,290,4,2025-12-31,c
984,145,126,1,2025-12-31,c
985,515,111,4,2025-12-31,c
986,647,151,2,2025-12-31,c
987,384,46,2,2025-12-31,c
988,710,308,3,2025-12-31,c
989,760,109,3,2025-12-31,c
990,426,102,4,2025-12-31,c
991,24,43,2,2025-12-31,c
992,910,207,1,2025-12-31,c
993,299,119,5,2025-12-31,c
994,915,31,5,2025-12-31,c
995,507,147,2,2025-12-31,c
996,366,277,3,2025-12-31,c
997,969,207,2,2025-12-31,c
998,668,256,1,2025-12-31,c
999,413,125,3,2025-12-31,c
1000,113,57,3,2025-12-31,c
